{
  "_fv": 57,
  "_type": "tool",
  "definition": {
    "toolType": "Pickaxe",
    "renderType": 0,
    "blockingRenderType": 0,
    "texture": "chained_golden_pickaxe",
    "customModelName": "Normal",
    "blockingModelName": "Normal blocking",
    "name": "Chained Gold Pickaxe",
    "specialInformation": {
      "fixedValue": []
    },
    "creativeTab": {
      "value": "CUSTOM:Chainablepickaxes"
    },
    "harvestLevel": 1,
    "efficiency": 14.0,
    "attackSpeed": 1.1,
    "enchantability": 18,
    "damageVsEntity": 6.0,
    "usageCount": 512,
    "blocksAffected": [],
    "glowCondition": {
      "fixedValue": false
    },
    "repairItems": [
      {
        "value": "Items.GOLD_INGOT"
      },
      {
        "value": "Blocks.CHAIN"
      }
    ],
    "immuneToFire": false,
    "stayInGridWhenCrafting": false,
    "damageOnCrafting": false
  }
}