{
  "_fv": 57,
  "_type": "tool",
  "definition": {
    "toolType": "Pickaxe",
    "renderType": 0,
    "blockingRenderType": 0,
    "texture": "chained_wooden_pickaxe",
    "customModelName": "Normal",
    "blockingModelName": "Normal blocking",
    "name": "Chained Wooden Pickaxe",
    "specialInformation": {
      "fixedValue": []
    },
    "creativeTab": {
      "value": "CUSTOM:Chainablepickaxes"
    },
    "harvestLevel": 2,
    "efficiency": 3.0,
    "attackSpeed": 1.1,
    "enchantability": 17,
    "damageVsEntity": 4.0,
    "usageCount": 100,
    "blocksAffected": [],
    "glowCondition": {
      "fixedValue": false
    },
    "repairItems": [],
    "immuneToFire": false,
    "stayInGridWhenCrafting": false,
    "damageOnCrafting": false
  }
}