{
  "_fv": 57,
  "_type": "recipe",
  "definition": {
    "recipeType": "Crafting",
    "recipeRetstackSize": 1,
    "group": "",
    "cookingBookCategory": "MISC",
    "xpReward": 0.0,
    "cookingTime": 200,
    "craftingBookCategory": "MISC",
    "recipeShapeless": false,
    "recipeSlots": [
      {
        "value": "Items.IRON_INGOT"
      },
      {
        "value": "Items.DIAMOND"
      },
      {
        "value": "Items.IRON_INGOT"
      },
      {
        "value": "Items.IRON_INGOT"
      },
      {
        "value": "Blocks.CHAIN"
      },
      {
        "value": "Items.IRON_INGOT"
      },
      {
        "value": "Items.NETHERITE_INGOT"
      },
      {
        "value": "Items.DIAMOND"
      },
      {
        "value": "Items.NETHERITE_INGOT"
      }
    ],
    "recipeReturnStack": {
      "value": "CUSTOM:ChainUpgradetemplate"
    },
    "name": "chain_upgrade_template_recipe",
    "namespace": "mod"
  }
}