{
  "_fv": 57,
  "_type": "recipe",
  "definition": {
    "recipeType": "Smithing",
    "recipeRetstackSize": 1,
    "group": "",
    "cookingBookCategory": "MISC",
    "xpReward": 0.0,
    "cookingTime": 200,
    "craftingBookCategory": "MISC",
    "recipeShapeless": false,
    "smithingInputStack": {
      "value": "Items.DIAMOND_PICKAXE"
    },
    "smithingInputAdditionStack": {
      "value": "Blocks.CHAIN"
    },
    "smithingInputTemplateStack": {
      "value": "CUSTOM:ChainUpgradetemplate"
    },
    "smithingReturnStack": {
      "value": "CUSTOM:Chaineddiamondpickaxe"
    },
    "name": "chain_diamond_pickaxe",
    "namespace": "mod"
  }
}