{
  "_fv": 57,
  "_type": "recipe",
  "definition": {
    "recipeType": "Smithing",
    "recipeRetstackSize": 1,
    "group": "",
    "cookingBookCategory": "MISC",
    "xpReward": 0.0,
    "cookingTime": 200,
    "craftingBookCategory": "MISC",
    "recipeShapeless": false,
    "smithingInputStack": {
      "value": "CUSTOM:Chaineddiamondpickaxe"
    },
    "smithingInputAdditionStack": {
      "value": "Items.NETHERITE_INGOT"
    },
    "smithingInputTemplateStack": {
      "value": "Items.NETHERITE_UPGRADE"
    },
    "smithingReturnStack": {
      "value": "CUSTOM:ChainedNetheritePickaxe"
    },
    "name": "smith_chained_diamond_pickaxe_to_netherite_chainpickaxe",
    "namespace": "mod"
  }
}