{
  "_fv": 57,
  "_type": "recipe",
  "definition": {
    "recipeType": "Smithing",
    "recipeRetstackSize": 1,
    "group": "unchaining",
    "cookingBookCategory": "MISC",
    "xpReward": 0.0,
    "cookingTime": 200,
    "craftingBookCategory": "MISC",
    "recipeShapeless": false,
    "smithingInputStack": {
      "value": "CUSTOM:ChainedStonePickaxe"
    },
    "smithingInputAdditionStack": {
      "value": "Items.IRON_NUGGET"
    },
    "smithingInputTemplateStack": {
      "value": "Items.SHEARS"
    },
    "smithingReturnStack": {
      "value": "Items.STONE_PICKAXE"
    },
    "name": "unchain_stone_pickaxe",
    "namespace": "mod"
  }
}