{
  "_fv": 66,
  "_type": "tool",
  "definition": {
    "toolType": "Pickaxe",
    "renderType": 0,
    "blockingRenderType": 0,
    "texture": "chained_netherite_pickaxe",
    "customModelName": "Normal",
    "blockingModelName": "Normal blocking",
    "name": "Chained Netherite Pickaxe",
    "specialInformation": {
      "fixedValue": []
    },
    "creativeTabs": [
      {
        "value": "CUSTOM:ChainablePickaxes"
      }
    ],
    "efficiency": 14.0,
    "attackSpeed": 1.1,
    "enchantability": 18,
    "damageVsEntity": 8.0,
    "usageCount": 4096,
    "repairItems": [
      {
        "value": "Blocks.CHAIN"
      },
      {
        "value": "Items.NETHERITE_INGOT"
      }
    ],
    "immuneToFire": false,
    "blockDropsTier": "NETHERITE",
    "blocksAffected": [],
    "stayInGridWhenCrafting": false,
    "damageOnCrafting": false
  }
}