{
  "_fv": 66,
  "_type": "tool",
  "definition": {
    "toolType": "Pickaxe",
    "renderType": 0,
    "blockingRenderType": 0,
    "texture": "chained_golden_pickaxe",
    "customModelName": "Normal",
    "blockingModelName": "Normal blocking",
    "name": "Chained Golden Pickaxe",
    "specialInformation": {
      "fixedValue": []
    },
    "creativeTabs": [
      {
        "value": "CUSTOM:ChainablePickaxes"
      }
    ],
    "efficiency": 5.0,
    "attackSpeed": 1.1,
    "enchantability": 3,
    "damageVsEntity": 3.0,
    "usageCount": 512,
    "repairItems": [],
    "immuneToFire": false,
    "blockDropsTier": "STONE",
    "blocksAffected": [],
    "stayInGridWhenCrafting": false,
    "damageOnCrafting": false
  }
}