{
  "_fv": 66,
  "_type": "tool",
  "definition": {
    "toolType": "Pickaxe",
    "renderType": 0,
    "blockingRenderType": 0,
    "texture": "chained_diamond_pickaxe",
    "customModelName": "Normal",
    "blockingModelName": "Normal blocking",
    "name": "Chained Diamond Pickaxe",
    "specialInformation": {
      "fixedValue": []
    },
    "creativeTabs": [
      {
        "value": "CUSTOM:ChainablePickaxes"
      }
    ],
    "efficiency": 1.0,
    "attackSpeed": 1.1,
    "enchantability": 18,
    "damageVsEntity": 6.0,
    "usageCount": 2048,
    "repairItems": [
      {
        "value": "Blocks.CHAIN"
      },
      {
        "value": "Items.DIAMOND"
      }
    ],
    "immuneToFire": false,
    "blockDropsTier": "DIAMOND",
    "blocksAffected": [],
    "stayInGridWhenCrafting": false,
    "damageOnCrafting": false
  }
}