{
  "_fv": 47,
  "_type": "tool",
  "definition": {
    "toolType": "Pickaxe",
    "renderType": 0,
    "texture": "chained_stone_pickaxe",
    "customModelName": "Normal",
    "name": "Chained Stone Pickaxe",
    "specialInfo": [],
    "creativeTab": {
      "value": "TOOLS"
    },
    "harvestLevel": 1,
    "efficiency": 6.0,
    "attackSpeed": 1.1,
    "enchantability": 2,
    "damageVsEntity": 6.0,
    "usageCount": 512,
    "blocksAffected": [],
    "hasGlow": false,
    "repairItems": [],
    "immuneToFire": false,
    "stayInGridWhenCrafting": false,
    "damageOnCrafting": false
  }
}