{
  "_fv": 47,
  "_type": "tool",
  "definition": {
    "toolType": "Pickaxe",
    "renderType": 0,
    "texture": "chained_iron_pickaxe",
    "customModelName": "Normal",
    "name": "Chained Iron Pickaxe",
    "specialInfo": [],
    "creativeTab": {
      "value": "CUSTOM:ChainablePickaxes"
    },
    "harvestLevel": 3,
    "efficiency": 4.0,
    "attackSpeed": 1.1,
    "enchantability": 18,
    "damageVsEntity": 6.0,
    "usageCount": 1024,
    "blocksAffected": [],
    "hasGlow": false,
    "repairItems": [],
    "immuneToFire": false,
    "stayInGridWhenCrafting": false,
    "damageOnCrafting": false
  }
}