{
  "_fv": 47,
  "_type": "recipe",
  "definition": {
    "recipeType": "Smithing",
    "recipeRetstackSize": 1,
    "group": "",
    "cookingBookCategory": "MISC",
    "xpReward": 0.0,
    "cookingTime": 200,
    "craftingBookCategory": "MISC",
    "recipeShapeless": false,
    "smithingInputStack": {
      "value": "CUSTOM:ChainUpgradeTemplate"
    },
    "smithingInputAdditionStack": {
      "value": "Items.STONE_PICKAXE"
    },
    "smithingReturnStack": {
      "value": "CUSTOM:ChainedStonePickaxe"
    },
    "name": "chain_stone",
    "namespace": "mod"
  }
}