{
  "_fv": 47,
  "_type": "tool",
  "definition": {
    "toolType": "Pickaxe",
    "renderType": 0,
    "texture": "chained_netherite_pickaxe",
    "customModelName": "Normal",
    "name": "Chained Netherite Pickaxe",
    "specialInfo": [],
    "creativeTab": {
      "value": "CUSTOM:ChainablePickaxes"
    },
    "harvestLevel": 4,
    "efficiency": 14.0,
    "attackSpeed": 1.1,
    "enchantability": 18,
    "damageVsEntity": 8.0,
    "usageCount": 4096,
    "blocksAffected": [],
    "hasGlow": false,
    "repairItems": [
      {
        "value": "Blocks.CHAIN"
      },
      {
        "value": "Items.NETHERITE_INGOT"
      }
    ],
    "immuneToFire": false,
    "stayInGridWhenCrafting": false,
    "damageOnCrafting": false
  }
}