{
  "schemaVersion": 1,
  "id": "fabric_chainable_pickaxes_ported",
  "version": "1.0.1",
  "name": "fabric_chainable_pickaxes_ported",
  "description": "Create Upgraded Pickaxes!",
  "authors": [
    "MadnessMyth, MCreator"
  ],
  "contact": {
    "homepage": "https://mcreator.net",
    "sources": ""
  },
  "license": "Academic Free License v3.0",
  "accessWidener": "fabric_chainable_pickaxes_ported.accesswidener",
  "environment": "*",
  "entrypoints": {
    "main": [
      "net.mcreator.fabricchainablepickaxesported.FabricChainablePickaxesPortedMod"
    ],
    "client": [
      "net.mcreator.fabricchainablepickaxesported.ClientInit"
    ]
  },
  "depends": {
    "fabricloader": ">=0.14.21",
    "fabric": "*",
    "minecraft": "~1.20",
    "java": ">=17"
  },
  "mixins": [
    "fabric_chainable_pickaxes_ported.mixins.json"
  ]
}